Unnamed: 0,logFC,AveExpr,t,P.Value,adj.P.Val,B,description,Gene_Symbol,Description,Function_Summary,KEGG_Terms,GO_Terms
HSP104,5.81762630282609,8.48072213937486,54.9736867079414,1.5697311036027102e-15,4.50826772954697e-12,26.0111158003788,"Disaggregase; heat shock protein that cooperates with Ydj1p (Hsp40) and Ssa1p (Hsp70) to refold and reactivate previously denatured, aggregated proteins; responsive to stresses including: heat, ethanol, and sodium arsenite; involved in [PSI+] propagation; protein becomes more abundant and forms cytoplasmic foci in response to DNA replication stress; potentiated Hsp104p variants decrease TDP-43 proteotoxicity by eliminating its cytoplasmic aggregation [Source:SGD;Acc:S000003949]",HSP104,"Enables several functions, including ATP hydrolysis activity; adenyl ribonucleotide binding activity; and unfolded protein binding activity. Involved in several processes, including cellular heat acclimation; protein folding; and protein unfolding. Located in cytoplasm and nuclear periphery. Part of TRC complex. Human ortholog(s) of this gene implicated in 3-methylglutaconic aciduria type 7a; 3-methylglutaconic aciduria type 7b; and severe congenital neutropenia. Orthologous to human CLPB (ClpB family mitochondrial disaggregase). [provided by Alliance of Genome Resources, Apr 2025]","Enables several functions, including ATP hydrolysis activity; adenyl ribonucleotide binding activity; and unfolded protein binding activity. Involved in several processes, including cellular heat acclimation; protein folding; and protein unfolding. Located in cytoplasm and nuclear periphery. Part of TRC complex. Human ortholog(s) of this gene implicated in 3-methylglutaconic aciduria type 7a; 3-methylglutaconic aciduria type 7b; and severe congenital neutropenia. Orthologous to human CLPB (ClpB family mitochondrial disaggregase). [provided by Alliance of Genome Resources, Apr 2025]",N/A,N/A
UBI4,5.79153867389567,7.61658108926935,50.3319582355107,4.4047725645965406e-15,5.06020272220851e-12,24.9612597101975,"Ubiquitin; becomes conjugated to proteins, marking them for selective degradation via the ubiquitin-26S proteasome system; essential for the cellular stress response; encoded as a polyubiquitin precursor comprised of 5 head-to-tail repeats; protein abundance increases in response to DNA replication stress [Source:SGD;Acc:S000003962]",UBI4,"Enables protein tag activity. Involved in protein ubiquitination. Located in peroxisome. Orthologous to human UBC (ubiquitin C). [provided by Alliance of Genome Resources, Jul 2025]","Enables protein tag activity. Involved in protein ubiquitination. Located in peroxisome. Orthologous to human UBC (ubiquitin C). [provided by Alliance of Genome Resources, Jul 2025]",N/A,N/A
PGM2,7.09005095424477,7.74171470380446,47.748751911693,8.154525468410101e-15,6.60978017388609e-12,24.29425630426,"Phosphoglucomutase; catalyzes the conversion from glucose-1-phosphate to glucose-6-phosphate, which is a key step in hexose metabolism; functions as the acceptor for a Glc-phosphotransferase; protein abundance increases in response to DNA replication stress; PGM2 has a paralog, PGM1, that arose from the whole genome duplication [Source:SGD;Acc:S000004711]",PGM2,"Enables phosphoglucomutase activity. Involved in several processes, including UDP-alpha-D-glucose metabolic process; carbohydrate biosynthetic process; and glucose 1-phosphate metabolic process. Located in cytoplasm. Used to study congenital disorder of glycosylation It. Human ortholog(s) of this gene implicated in congenital disorder of glycosylation It; endometrial cancer; and teratoma. Orthologous to several human genes including PGM5 (phosphoglucomutase 5). [provided by Alliance of Genome Resources, Jul 2025]","Enables phosphoglucomutase activity. Involved in several processes, including UDP-alpha-D-glucose metabolic process; carbohydrate biosynthetic process; and glucose 1-phosphate metabolic process. Located in cytoplasm. Used to study congenital disorder of glycosylation It. Human ortholog(s) of this gene implicated in congenital disorder of glycosylation It; endometrial cancer; and teratoma. Orthologous to several human genes including PGM5 (phosphoglucomutase 5). [provided by Alliance of Genome Resources, Jul 2025]",N/A,N/A
GPD1,4.27954635447458,8.86930051648156,47.6871683259587,8.2784469763065e-15,6.60978017388609e-12,24.5531475656316,"NAD-dependent glycerol-3-phosphate dehydrogenase; key enzyme of glycerol synthesis, essential for growth under osmotic stress; expression regulated by high-osmolarity glycerol response pathway; protein abundance increases in response to DNA replication stress; constitutively inactivated via phosphorylation by the protein kinases Ypk1p and Ypk2p, dephosphorylation increases catalytic activity; forms a heterodimer with Pnc1p to facilitate its peroxisomal import [Source:SGD;Acc:S000002180]",GPD1,"Enables glycerol-3-phosphate dehydrogenase [NAD(P)+] activity. Involved in intracellular accumulation of glycerol and protein import into peroxisome matrix. Located in cytosol; nucleus; and peroxisome. Human ortholog(s) of this gene implicated in Brugada syndrome 2. Orthologous to human GPD1 (glycerol-3-phosphate dehydrogenase 1) and GPD1L (glycerol-3-phosphate dehydrogenase 1 like). [provided by Alliance of Genome Resources, Jul 2025]","Enables glycerol-3-phosphate dehydrogenase [NAD(P)+] activity. Involved in intracellular accumulation of glycerol and protein import into peroxisome matrix. Located in cytosol; nucleus; and peroxisome. Human ortholog(s) of this gene implicated in Brugada syndrome 2. Orthologous to human GPD1 (glycerol-3-phosphate dehydrogenase 1) and GPD1L (glycerol-3-phosphate dehydrogenase 1 like). [provided by Alliance of Genome Resources, Jul 2025]",N/A,N/A
UGP1,4.00423190808255,10.3788985648571,46.5174025878939,1.10658500086249e-14,7.06247138328238e-12,24.279825229581,"UDP-glucose pyrophosphorylase (UGPase); catalyses the reversible formation of UDP-Glc from glucose 1-phosphate and UTP, involved in a wide variety of metabolic pathways, expression modulated by Pho85p through Pho4p; involved in PKA-mediated oxidative stress resistance and long-term survival in stationary phase; UGP1 has a paralog, YHL012W, that arose from the whole genome duplication [Source:SGD;Acc:S000001518]",UGP1,"Enables UTP:glucose-1-phosphate uridylyltransferase activity. Involved in UDP-alpha-D-glucose metabolic process and carbohydrate biosynthetic process. Located in cytoplasmic stress granule and plasma membrane. Used to study cancer. Human ortholog(s) of this gene implicated in developmental and epileptic encephalopathy 83. Orthologous to human UGP2 (UDP-glucose pyrophosphorylase 2). [provided by Alliance of Genome Resources, Jul 2025]","Enables UTP:glucose-1-phosphate uridylyltransferase activity. Involved in UDP-alpha-D-glucose metabolic process and carbohydrate biosynthetic process. Located in cytoplasmic stress granule and plasma membrane. Used to study cancer. Human ortholog(s) of this gene implicated in developmental and epileptic encephalopathy 83. Orthologous to human UGP2 (UDP-glucose pyrophosphorylase 2). [provided by Alliance of Genome Resources, Jul 2025]",N/A,N/A
HSP82,4.43526189134614,8.48281640008862,45.9646704361077,1.27243148066658e-14,7.30884642494886e-12,24.1271817601854,"Hsp90 chaperone; redundant in function with Hsc82p; required for pheromone signaling, negative regulation of Hsf1p; docks with Tom70p for mitochondrial preprotein delivery; promotes telomerase DNA binding, nucleotide addition; protein abundance increases in response to DNA replication stress; contains two acid-rich unstructured regions that promote solubility of chaperone-substrate complexes; HSP82 has a paralog, HSC82, that arose from the whole genome duplication [Source:SGD;Acc:S000006161]",HSP82,"Enables ATP hydrolysis activity and unfolded protein binding activity. Involved in several processes, including positive regulation of telomere maintenance via telomerase; protein folding; and protein-containing complex assembly. Located in cytoplasm and nucleus. Human ortholog(s) of this gene implicated in multiple sclerosis. Orthologous to several human genes including HSP90AB1 (heat shock protein 90 alpha family class B member 1). [provided by Alliance of Genome Resources, Jul 2025]","Enables ATP hydrolysis activity and unfolded protein binding activity. Involved in several processes, including positive regulation of telomere maintenance via telomerase; protein folding; and protein-containing complex assembly. Located in cytoplasm and nucleus. Human ortholog(s) of this gene implicated in multiple sclerosis. Orthologous to several human genes including HSP90AB1 (heat shock protein 90 alpha family class B member 1). [provided by Alliance of Genome Resources, Jul 2025]",N/A,N/A
EMI2,6.77554175012749,7.53758925610383,44.7274505059018,1.75004410214089e-14,8.12596780934424e-12,23.6099299046355,"Non-essential protein of unknown function; required for transcriptional induction of the early meiotic-specific transcription factor IME1; required for sporulation; expression regulated by glucose-repression transcription factors Mig1/2p; EMI2 has a paralog, GLK1, that arose from the whole genome duplication; protein abundance increases in response to DNA replication stress [Source:SGD;Acc:S000002924]",EMI2,"Enables hexokinase activity. Involved in hexose metabolic process. Located in cytoplasm. Human ortholog(s) of this gene implicated in several diseases, including Charcot-Marie-Tooth disease type 4G; anemia (multiple); artery disease (multiple); glucose metabolism disease (multiple); and hematologic cancer (multiple). Orthologous to several human genes including GCK (glucokinase). [provided by Alliance of Genome Resources, Apr 2025]","Enables hexokinase activity. Involved in hexose metabolic process. Located in cytoplasm. Human ortholog(s) of this gene implicated in several diseases, including Charcot-Marie-Tooth disease type 4G; anemia (multiple); artery disease (multiple); glucose metabolism disease (multiple); and hematologic cancer (multiple). Orthologous to several human genes including GCK (glucokinase). [provided by Alliance of Genome Resources, Apr 2025]",N/A,N/A
ADH5,7.13282194957972,6.54272928684025,42.8949276392502,2.85222297701607e-14,9.10176043332238e-12,22.7656868384876,"Alcohol dehydrogenase isoenzyme V; involved in ethanol production; ADH5 has a paralog, ADH1, that arose from the whole genome duplication [Source:SGD;Acc:S000000349]",ADH5,"Enables S-(hydroxymethyl)glutathione dehydrogenase [NAD(P)+] activity; alcohol dehydrogenase (NAD+) activity; and hydroxymethylfurfural reductase (NADH) activity. Involved in amino acid catabolic process to alcohol via Ehrlich pathway; formaldehyde catabolic process; and furaldehyde metabolic process. Located in mitochondrion. Human ortholog(s) of this gene implicated in AMED syndrome; alcohol dependence; asthma; late onset Parkinson's disease; and pancreatic cancer. Orthologous to several human genes including ADH1B (alcohol dehydrogenase 1B (class I), beta polypeptide) and ADH5 (alcohol dehydrogenase 5 (class III), chi polypeptide). [provided by Alliance of Genome Resources, Jul 2025]","Enables S-(hydroxymethyl)glutathione dehydrogenase [NAD(P)+] activity; alcohol dehydrogenase (NAD+) activity; and hydroxymethylfurfural reductase (NADH) activity. Involved in amino acid catabolic process to alcohol via Ehrlich pathway; formaldehyde catabolic process; and furaldehyde metabolic process. Located in mitochondrion. Human ortholog(s) of this gene implicated in AMED syndrome; alcohol dependence; asthma; late onset Parkinson's disease; and pancreatic cancer. Orthologous to several human genes including ADH1B (alcohol dehydrogenase 1B (class I), beta polypeptide) and ADH5 (alcohol dehydrogenase 5 (class III), chi polypeptide). [provided by Alliance of Genome Resources, Jul 2025]",N/A,N/A
NNR2,5.06245576196137,6.92636976787987,43.2317862575833,2.6033016543318e-14,9.10176043332238e-12,23.307589006412,Widely-conserved NADHX dehydratase; converts (S)-NADHX to NADH in ATP-dependent manner; YKL151C promoter contains STREs (stress response elements) and expression is induced by heat shock or methyl methanesulfonate; downstream intergenic region drives antisense expression and mediates coordinated regulation of YKL151C and GPM1 phosphoglycerate mutase; protein abundance increases in response to DNA replication stress; homolog of Carkd in mammals and C-terminus of YjeF in E.coli [Source:SGD;Acc:S000001634],NNR2,"Enables ATP-dependent NAD(P)H-hydrate dehydratase activity. Involved in nicotinamide nucleotide metabolic process. Located in cytoplasm. Orthologous to human NAXD (NAD(P)HX dehydratase). [provided by Alliance of Genome Resources, Jul 2025]","Enables ATP-dependent NAD(P)H-hydrate dehydratase activity. Involved in nicotinamide nucleotide metabolic process. Located in cytoplasm. Orthologous to human NAXD (NAD(P)HX dehydratase). [provided by Alliance of Genome Resources, Jul 2025]",N/A,N/A
ERO1,4.09270632927174,8.95328595672514,43.0237070543121,2.7541387423304e-14,9.10176043332238e-12,23.3914150994013,Thiol oxidase required for oxidative protein folding in the ER; essential for maintaining ER redox balance; feedback regulated via reduction and oxidation of regulatory bonds; reduced Pdi1p activates Ero1p by direct reduction of Ero1p regulatory bonds; depletion of thiol substrates and accumulation of oxidized Pdi1p results in inactivation of Ero1p by both Pdi1p-mediated oxidation and autonomous oxidation of Ero1p regulatory bonds; ero1-1 mutation complemented by human ERO1L [Source:SGD;Acc:S000004599],ERO1,"Enables thiol oxidase activity. Involved in protein folding in endoplasmic reticulum. Located in endoplasmic reticulum. Orthologous to human ERO1A (endoplasmic reticulum oxidoreductase 1 alpha) and ERO1B (endoplasmic reticulum oxidoreductase 1 beta). [provided by Alliance of Genome Resources, Jul 2025]","Enables thiol oxidase activity. Involved in protein folding in endoplasmic reticulum. Located in endoplasmic reticulum. Orthologous to human ERO1A (endoplasmic reticulum oxidoreductase 1 alpha) and ERO1B (endoplasmic reticulum oxidoreductase 1 beta). [provided by Alliance of Genome Resources, Jul 2025]",N/A,N/A
HSP78,5.52291534591339,6.47506029748471,42.0381718515506,3.60956130204674e-14,1.0366660059478199e-11,22.8651595713294,Oligomeric mitochondrial matrix chaperone; cooperates with Ssc1p in mitochondrial thermotolerance after heat shock; able to prevent the aggregation of misfolded proteins as well as resolubilize protein aggregates [Source:SGD;Acc:S000002666],HSP78,"Enables ATP hydrolysis activity and misfolded protein binding activity. Involved in several processes, including protein refolding; protein stabilization; and protein unfolding. Located in mitochondrial matrix. Human ortholog(s) of this gene implicated in 3-methylglutaconic aciduria type 7a; 3-methylglutaconic aciduria type 7b; and severe congenital neutropenia. Orthologous to human CLPB (ClpB family mitochondrial disaggregase). [provided by Alliance of Genome Resources, Jul 2025]","Enables ATP hydrolysis activity and misfolded protein binding activity. Involved in several processes, including protein refolding; protein stabilization; and protein unfolding. Located in mitochondrial matrix. Human ortholog(s) of this gene implicated in 3-methylglutaconic aciduria type 7a; 3-methylglutaconic aciduria type 7b; and severe congenital neutropenia. Orthologous to human CLPB (ClpB family mitochondrial disaggregase). [provided by Alliance of Genome Resources, Jul 2025]",N/A,N/A
YMR196W,6.71976355198617,6.6173517094757,41.4942095508297,4.20205163046463e-14,1.07387416571169e-11,22.5799464872675,Putative protein of unknown function; green fluorescent protein (GFP)-fusion protein localizes to the cytoplasm; YMR196W is not an essential gene [Source:SGD;Acc:S000004809],YMR196W,"Predicted to enable Glc3Man9GlcNAc2 oligosaccharide glucosidase activity. Predicted to act upstream of or within oligosaccharide metabolic process. Located in cytoplasm. [provided by Alliance of Genome Resources, Apr 2025]","Predicted to enable Glc3Man9GlcNAc2 oligosaccharide glucosidase activity. Predicted to act upstream of or within oligosaccharide metabolic process. Located in cytoplasm. [provided by Alliance of Genome Resources, Apr 2025]",N/A,N/A
YDL124W,5.49844649066528,6.44153944197795,41.3711671370766,4.35021188373414e-14,1.07387416571169e-11,22.6931830757279,"NADPH-dependent alpha-keto amide reductase; reduces aromatic alpha-keto amides, aliphatic alpha-keto esters, and aromatic alpha-keto esters; member of the aldo-keto reductase (AKR) family; protein abundance increases in response to DNA replication stress [Source:SGD;Acc:S000002282]",YDL124W,"Enables aldose reductase (NADPH) activity; alpha-keto amide reductase activity; and alpha-ketoester reductase (NADPH) activity. Involved in cellular response to oxidative stress and ketone metabolic process. Located in cytoplasm; nucleus; and plasma membrane. [provided by Alliance of Genome Resources, Jul 2025]","Enables aldose reductase (NADPH) activity; alpha-keto amide reductase activity; and alpha-ketoester reductase (NADPH) activity. Involved in cellular response to oxidative stress and ketone metabolic process. Located in cytoplasm; nucleus; and plasma membrane. [provided by Alliance of Genome Resources, Jul 2025]",N/A,N/A
TPS1,4.87754522604732,8.75721228897864,40.8821737931787,4.99756010331512e-14,1.1040763551323899e-11,22.7987685986296,"Synthase subunit of trehalose-6-P synthase/phosphatase complex; synthesizes the storage carbohydrate trehalose, which is critically important for survival of long-term desiccation; also found in a monomeric form; expression is induced by the stress response and repressed by the Ras-cAMP pathway; protein abundance increases in response to DNA replication stress and in response to prolonged exposure to boric acid [Source:SGD;Acc:S000000330]",TPS1,"Enables trehalose-phosphatase activity. Contributes to alpha,alpha-trehalose-phosphate synthase (UDP-forming) activity. Involved in cellular response to desiccation and trehalose biosynthetic process. Located in cytoplasm. Part of alpha,alpha-trehalose-phosphate synthase complex (UDP-forming). [provided by Alliance of Genome Resources, Jul 2025]","Enables trehalose-phosphatase activity. Contributes to alpha,alpha-trehalose-phosphate synthase (UDP-forming) activity. Involved in cellular response to desiccation and trehalose biosynthetic process. Located in cytoplasm. Part of alpha,alpha-trehalose-phosphate synthase complex (UDP-forming). [provided by Alliance of Genome Resources, Jul 2025]",N/A,N/A
TPS2,4.05597172680303,7.98890602779157,40.7277852141673,5.2230919537732205e-14,1.1111644512027198e-11,22.7518958021649,Phosphatase subunit of the trehalose-6-P synthase/phosphatase complex; involved in synthesis of the storage carbohydrate trehalose; expression is induced by stress conditions and repressed by the Ras-cAMP pathway; protein abundance increases in response to DNA replication stress [Source:SGD;Acc:S000002481],TPS2,"Enables trehalose-phosphatase activity. Involved in cellular response to nitrogen starvation; positive regulation of autophagy; and trehalose biosynthetic process. Located in mitochondrion. Part of alpha,alpha-trehalose-phosphate synthase complex (UDP-forming). [provided by Alliance of Genome Resources, Jul 2025]","Enables trehalose-phosphatase activity. Involved in cellular response to nitrogen starvation; positive regulation of autophagy; and trehalose biosynthetic process. Located in mitochondrion. Part of alpha,alpha-trehalose-phosphate synthase complex (UDP-forming). [provided by Alliance of Genome Resources, Jul 2025]",N/A,N/A
SSA4,7.24251891166657,8.60555654959739,39.6913982338263,7.05500876420442e-14,1.32846406843982e-11,22.4178138831797,"Heat shock protein that is highly induced upon stress; plays a role in SRP-dependent cotranslational protein-membrane targeting and translocation; member of the HSP70 family; cytoplasmic protein that concentrates in nuclei upon starvation; SSA4 has a paralog, SSA3, that arose from the whole genome duplication [Source:SGD;Acc:S000000905]",SSA4,"Enables unfolded protein binding activity. Involved in SRP-dependent cotranslational protein targeting to membrane, translocation and protein folding. Located in cytoplasm and nucleus. Human ortholog(s) of this gene implicated in several diseases, including Kawasaki disease; artery disease (multiple); autoimmune disease of musculoskeletal system (multiple); neurodegenerative disease (multiple); and schizophrenia (multiple). Orthologous to several human genes including HSPA1L (heat shock protein family A (Hsp70) member 1 like); HSPA1A (heat shock protein family A (Hsp70) member 1A); and HSPA1B (heat shock protein family A (Hsp70) member 1B). [provided by Alliance of Genome Resources, Jul 2025]","Enables unfolded protein binding activity. Involved in SRP-dependent cotranslational protein targeting to membrane, translocation and protein folding. Located in cytoplasm and nucleus. Human ortholog(s) of this gene implicated in several diseases, including Kawasaki disease; artery disease (multiple); autoimmune disease of musculoskeletal system (multiple); neurodegenerative disease (multiple); and schizophrenia (multiple). Orthologous to several human genes including HSPA1L (heat shock protein family A (Hsp70) member 1 like); HSPA1A (heat shock protein family A (Hsp70) member 1A); and HSPA1B (heat shock protein family A (Hsp70) member 1B). [provided by Alliance of Genome Resources, Jul 2025]",N/A,N/A
YBR139W,4.11315106527063,6.84389907980807,39.9388804548202,6.56168278130907e-14,1.32846406843982e-11,22.4860448407359,"Putative serine type carboxypeptidase; role in phytochelatin synthesis; green fluorescent protein (GFP)-fusion protein localizes to the vacuole; expression induced by nitrogen limitation in a GLN3, GAT1-independent manner [Source:SGD;Acc:S000000343]",YBR139W,"Enables serine-type carboxypeptidase activity. Involved in several processes, including cellular response to nitrogen starvation; phytochelatin biosynthetic process; and zymogen activation. Located in fungal-type vacuole lumen. Is active in vacuolar lumen. Human ortholog(s) of this gene implicated in galactosialidosis and lysosomal storage disease. Orthologous to human CTSA (cathepsin A). [provided by Alliance of Genome Resources, Jul 2025]","Enables serine-type carboxypeptidase activity. Involved in several processes, including cellular response to nitrogen starvation; phytochelatin biosynthetic process; and zymogen activation. Located in fungal-type vacuole lumen. Is active in vacuolar lumen. Human ortholog(s) of this gene implicated in galactosialidosis and lysosomal storage disease. Orthologous to human CTSA (cathepsin A). [provided by Alliance of Genome Resources, Jul 2025]",N/A,N/A
TDH1,3.81037945347673,11.6969024644668,39.5199129119244,7.42037830509552e-14,1.32846406843982e-11,22.410596696157,"Glyceraldehyde-3-phosphate dehydrogenase (GAPDH), isozyme 1; involved in glycolysis and gluconeogenesis; tetramer that catalyzes the reaction of glyceraldehyde-3-phosphate to 1,3 bis-phosphoglycerate; detected in the cytoplasm and cell wall; protein abundance increases in response to DNA replication stress; GAPDH-derived antimicrobial peptides secreted by S. cerevisiae are active against a wide variety of wine-related yeasts and bateria [Source:SGD;Acc:S000003588]",TDH1,"Enables glyceraldehyde-3-phosphate dehydrogenase (NAD+) (phosphorylating) activity and melatonin binding activity. Involved in gluconeogenesis and glycolytic process. Located in several cellular components, including fungal-type cell wall; lipid droplet; and mitochondrion. Human ortholog(s) of this gene implicated in Alzheimer's disease. Orthologous to several human genes including GAPDH (glyceraldehyde-3-phosphate dehydrogenase). [provided by Alliance of Genome Resources, Jul 2025]","Enables glyceraldehyde-3-phosphate dehydrogenase (NAD+) (phosphorylating) activity and melatonin binding activity. Involved in gluconeogenesis and glycolytic process. Located in several cellular components, including fungal-type cell wall; lipid droplet; and mitochondrion. Human ortholog(s) of this gene implicated in Alzheimer's disease. Orthologous to several human genes including GAPDH (glyceraldehyde-3-phosphate dehydrogenase). [provided by Alliance of Genome Resources, Jul 2025]",N/A,N/A
KAR2,3.55397302184661,11.7244403507741,39.8389612751601,6.75620426315456e-14,1.32846406843982e-11,22.5033303927595,ATPase involved in protein import into the ER; also acts as a chaperone to mediate protein folding in the ER and may play a role in ER export of soluble proteins; regulates the unfolded protein response via interaction with Ire1p [Source:SGD;Acc:S000003571],KAR2,"Enables ATP hydrolysis activity and unfolded protein binding activity. Involved in several processes, including fungal-type cell wall beta-glucan biosynthetic process; intracellular protein transmembrane transport; and karyogamy involved in conjugation with cellular fusion. Located in endoplasmic reticulum. Part of luminal surveillance complex. Human ortholog(s) of this gene implicated in dopamine beta-hydroxylase deficiency. Orthologous to human HSPA5 (heat shock protein family A (Hsp70) member 5). [provided by Alliance of Genome Resources, Jul 2025]","Enables ATP hydrolysis activity and unfolded protein binding activity. Involved in several processes, including fungal-type cell wall beta-glucan biosynthetic process; intracellular protein transmembrane transport; and karyogamy involved in conjugation with cellular fusion. Located in endoplasmic reticulum. Part of luminal surveillance complex. Human ortholog(s) of this gene implicated in dopamine beta-hydroxylase deficiency. Orthologous to human HSPA5 (heat shock protein family A (Hsp70) member 5). [provided by Alliance of Genome Resources, Jul 2025]",N/A,N/A
ASK10,3.41030022831628,8.55699413363309,39.0353849439497,8.568314036487071e-14,1.4061827378737598e-11,22.2691282389286,"Regulator of the Fps1p glycerol channel; under nonstress conditions, binds to Fps1p to positively regulate glycerol transport; under osmotic stress, multiple phosphorylation by Hog1p causes Ask10p to dissociate from Fps1p; forms homodimers and heterodimerizes with paralog Rgc1p; phosphorylated in response to oxidative stress; has a role in destruction of Ssn8p; associates with RNA polymerase II holoenzyme [Source:SGD;Acc:S000003329]",ASK10,"Enables channel regulator activity. Involved in cellular response to oxidative stress; positive regulation of glycerol transport; and protein catabolic process. Located in cytoplasm. [provided by Alliance of Genome Resources, Jul 2025]","Enables channel regulator activity. Involved in cellular response to oxidative stress; positive regulation of glycerol transport; and protein catabolic process. Located in cytoplasm. [provided by Alliance of Genome Resources, Jul 2025]",N/A,N/A
SDS24,5.05418439539114,7.15553169584012,38.7330365028191,9.381345809327811e-14,1.45639054942646e-11,22.129654239135,"Protein involved in cell separation during budding; one of two S. cerevisiae homologs (Sds23p and Sds24p) of the S. pombe Sds23 protein, which is implicated in APC/cyclosome regulation; may play an indirect role in fluid-phase endocytosis; protein abundance increases in response to DNA replication stress; SDS24 has a paralog, SDS23, that arose from the whole genome duplication [Source:SGD;Acc:S000000418]",SDS24,"Predicted to enable protein serine/threonine phosphatase inhibitor activity. Involved in endocytosis and septum digestion after cytokinesis. Located in cytosol. [provided by Alliance of Genome Resources, Jul 2025]","Predicted to enable protein serine/threonine phosphatase inhibitor activity. Involved in endocytosis and septum digestion after cytokinesis. Located in cytosol. [provided by Alliance of Genome Resources, Jul 2025]",N/A,N/A
MCR1,3.20574685699249,8.7041582542567,38.2378624859531,1.08993926177169e-13,1.56515277990414e-11,22.0281527101437,Mitochondrial NADH-cytochrome b5 reductase; involved in ergosterol biosynthesis [Source:SGD;Acc:S000001633],MCR1,"Enables cytochrome-b5 reductase activity, acting on NAD(P)H. Involved in cellular response to oxidative stress and ergosterol biosynthetic process. Located in mitochondrial intermembrane space and mitochondrial outer membrane. Orthologous to human CYB5RL (cytochrome b5 reductase like). [provided by Alliance of Genome Resources, Jul 2025]","Enables cytochrome-b5 reductase activity, acting on NAD(P)H. Involved in cellular response to oxidative stress and ergosterol biosynthetic process. Located in mitochondrial intermembrane space and mitochondrial outer membrane. Orthologous to human CYB5RL (cytochrome b5 reductase like). [provided by Alliance of Genome Resources, Jul 2025]",N/A,N/A
ENO1,3.37892083773327,12.3753109681408,37.3203263950132,1.4465240100702e-13,1.84640753640961e-11,21.746057641037,"Enolase I, a phosphopyruvate hydratase; catalyzes conversion of 2-phosphoglycerate to phosphoenolpyruvate during glycolysis and the reverse reaction during gluconeogenesis; expression repressed in response to glucose; protein abundance increases in response to DNA replication stress; N-terminally propionylated in vivo; ENO1 has a paralog, ENO2, that arose from the whole genome duplication [Source:SGD;Acc:S000003486]",ENO1,"Enables melatonin binding activity and phosphopyruvate hydratase activity. Involved in glycolytic process and regulation of vacuole fusion, non-autophagic. Located in fungal-type vacuole and mitochondrion. Part of phosphopyruvate hydratase complex. Human ortholog(s) of this gene implicated in Alzheimer's disease and prostate cancer. Orthologous to human ENO1 (enolase 1); ENO2 (enolase 2); and ENO3 (enolase 3). [provided by Alliance of Genome Resources, Jul 2025]","Enables melatonin binding activity and phosphopyruvate hydratase activity. Involved in glycolytic process and regulation of vacuole fusion, non-autophagic. Located in fungal-type vacuole and mitochondrion. Part of phosphopyruvate hydratase complex. Human ortholog(s) of this gene implicated in Alzheimer's disease and prostate cancer. Orthologous to human ENO1 (enolase 1); ENO2 (enolase 2); and ENO3 (enolase 3). [provided by Alliance of Genome Resources, Jul 2025]",N/A,N/A
URH1,3.47954639166187,7.52481000609517,36.9268424050895,1.63664866950849e-13,1.93806996908354e-11,21.6225303875799,Uridine nucleosidase (uridine-cytidine N-ribohydrolase); cleaves N-glycosidic bonds in nucleosides; involved in the pyrimidine salvage and nicotinamide riboside salvage pathways [Source:SGD;Acc:S000002808],URH1,"Enables nicotinamide riboside hydrolase activity; nicotinic acid riboside hydrolase activity; and uridine nucleosidase activity. Involved in nucleobase-containing small molecule metabolic process and pyrimidine-containing compound salvage. Located in cytoplasm and nucleus. [provided by Alliance of Genome Resources, Jul 2025]","Enables nicotinamide riboside hydrolase activity; nicotinic acid riboside hydrolase activity; and uridine nucleosidase activity. Involved in nucleobase-containing small molecule metabolic process and pyrimidine-containing compound salvage. Located in cytoplasm and nucleus. [provided by Alliance of Genome Resources, Jul 2025]",N/A,N/A
RGI1,10.7220267139366,6.37692236545259,36.7395107999248,1.73654372033445e-13,1.95582492737276e-11,19.7527606378291,"Protein of unknown function; involved in energy metabolism under respiratory conditions; protein abundance is increased upon intracellular iron depletion or in response to DNA replication stress; RGI1 has a paralog, RGI2, that arose from the whole genome duplication [Source:SGD;Acc:S000000869]",RGI1,"Involved in energy reserve metabolic process. Located in cell periphery. [provided by Alliance of Genome Resources, Jul 2025]","Involved in energy reserve metabolic process. Located in cell periphery. [provided by Alliance of Genome Resources, Jul 2025]",N/A,N/A
GRE3,4.71190601487983,7.73171352176528,35.1536027279582,2.90289111837395e-13,2.93881744963519e-11,21.050163732921,"Aldose reductase; involved in methylglyoxal, d-xylose, arabinose, and galactose metabolism; stress induced (osmotic, ionic, oxidative, heat shock, starvation and heavy metals); regulated by the HOG pathway; protein abundance increases in response to DNA replication stress [Source:SGD;Acc:S000001146]",GRE3,"Enables D-xylose reductase (NADPH) activity and mRNA binding activity. Involved in cellular response to osmotic stress; cellular response to oxidative stress; and monosaccharide catabolic process. Located in cytoplasm and nucleus. Human ortholog(s) of this gene implicated in 46,XY sex reversal 8; alcohol dependence; congenital bile acid synthesis defect 2; and leukemia (multiple). Orthologous to several human genes including AKR1E2 (aldo-keto reductase family 1 member E2). [provided by Alliance of Genome Resources, Jul 2025]","Enables D-xylose reductase (NADPH) activity and mRNA binding activity. Involved in cellular response to osmotic stress; cellular response to oxidative stress; and monosaccharide catabolic process. Located in cytoplasm and nucleus. Human ortholog(s) of this gene implicated in 46,XY sex reversal 8; alcohol dependence; congenital bile acid synthesis defect 2; and leukemia (multiple). Orthologous to several human genes including AKR1E2 (aldo-keto reductase family 1 member E2). [provided by Alliance of Genome Resources, Jul 2025]",N/A,N/A
COS6,3.45420749553031,7.17364213790426,35.0982111624621,2.95666633197885e-13,2.93881744963519e-11,21.0322422179452,"Endosomal protein involved in turnover of plasma membrane proteins; member of the DUP380 subfamily of conserved, often subtelomeric COS genes; required for the multivesicular vesicle body sorting pathway that internalizes plasma membrane proteins for degradation; Cos proteins provide ubiquitin in trans for nonubiquitinated cargo proteins [Source:SGD;Acc:S000003527]",COS6,"Predicted to be involved in protein transport to vacuole involved in ubiquitin-dependent protein catabolic process via the multivesicular body sorting pathway. Located in endosome. [provided by Alliance of Genome Resources, Jul 2025]","Predicted to be involved in protein transport to vacuole involved in ubiquitin-dependent protein catabolic process via the multivesicular body sorting pathway. Located in endosome. [provided by Alliance of Genome Resources, Jul 2025]",N/A,N/A
CIT2,4.26900805317986,6.20914126482949,34.6905368381336,3.38731060608645e-13,3.18962493792796e-11,20.8556313637546,"Citrate synthase, peroxisomal isozyme involved in glyoxylate cycle; catalyzes condensation of acetyl coenzyme A and oxaloacetate to form citrate; expression is controlled by Rtg1p and Rtg2p transcription factors; SCF-Ucc1 regulates level of Cit2p to maintain citrate homeostasis; oxaloacetate-dependent positive feedback loop inhibits Cit2p ubiquitination; CIT2 has a paralog, CIT1, that arose from the whole genome duplication [Source:SGD;Acc:S000000598]",CIT2,"Enables citrate (Si)-synthase activity. Involved in citrate metabolic process. Located in peroxisome. Human ortholog(s) of this gene implicated in dilated cardiomyopathy and hypertrophic cardiomyopathy. Orthologous to human CS (citrate synthase). [provided by Alliance of Genome Resources, Apr 2025]","Enables citrate (Si)-synthase activity. Involved in citrate metabolic process. Located in peroxisome. Human ortholog(s) of this gene implicated in dilated cardiomyopathy and hypertrophic cardiomyopathy. Orthologous to human CS (citrate synthase). [provided by Alliance of Genome Resources, Apr 2025]",N/A,N/A
YOL153C,4.12851295695451,6.08236161150388,34.5580657505282,3.54152748017114e-13,3.2810538461456497e-11,20.8067820562921,,YOL153C,N/A,N/A,N/A,N/A
HSP42,7.83788253084562,7.018294163975,33.4787241427481,5.12270207318905e-13,4.1978938530664494e-11,20.3163716025261,Small heat shock protein (sHSP) with chaperone activity; forms barrel-shaped oligomers that suppress unfolded protein aggregation; involved in cytoskeleton reorganization after heat shock; protein abundance increases and forms cytoplasmic foci in response to DNA replication stress [Source:SGD;Acc:S000002578],HSP42,"Enables protein sequestering activity. Involved in cytoskeleton organization. Located in cytoplasm. [provided by Alliance of Genome Resources, Jul 2025]","Enables protein sequestering activity. Involved in cytoskeleton organization. Located in cytoplasm. [provided by Alliance of Genome Resources, Jul 2025]",N/A,N/A
NCE103,3.84584749877784,7.83863444110983,33.5743244251626,4.95560774908102e-13,4.1978938530664494e-11,20.5103407477212,"Carbonic anhydrase; metalloenzyme that catalyzes CO2 hydration to bicarbonate, which is an important metabolic substrate, and protons; not expressed under conditions of high CO2, such as inside a growing colony, but transcription is induced in response to low CO2 levels, such as on the colony surface in ambient air; poorly transcribed under aerobic conditions and at an undetectable level under anaerobic conditions; abundance increases in response to DNA replication stress [Source:SGD;Acc:S000004981]",NCE103,"Enables carbonate dehydratase activity. Involved in cellular response to carbon dioxide and cellular response to oxidative stress. Located in mitochondrial intermembrane space. [provided by Alliance of Genome Resources, Jul 2025]","Enables carbonate dehydratase activity. Involved in cellular response to carbon dioxide and cellular response to oxidative stress. Located in mitochondrial intermembrane space. [provided by Alliance of Genome Resources, Jul 2025]",N/A,N/A
NTH1,3.44005066236841,6.78936055655407,33.4015851444666,5.26198393838413e-13,4.1978938530664494e-11,20.4566863749318,"Neutral trehalase, degrades trehalose; required for thermotolerance and may mediate resistance to other cellular stresses; phosphorylated and activated by Cdc28p at the G1/S phase transition to coordinately regulate carbohydrate metabolism and the cell cycle; inhibited by Dcs1p; NTH1 has a paralog, NTH2, that arose from the whole genome duplication [Source:SGD;Acc:S000002408]",NTH1,"Predicted to enable alpha,alpha-trehalase activity. Involved in cellular response to desiccation and trehalose catabolic process. Located in cytoplasm. Orthologous to human TREH (trehalase). [provided by Alliance of Genome Resources, Jul 2025]","Predicted to enable alpha,alpha-trehalase activity. Involved in cellular response to desiccation and trehalose catabolic process. Located in cytoplasm. Orthologous to human TREH (trehalase). [provided by Alliance of Genome Resources, Jul 2025]",N/A,N/A
PIC2,6.62748085254118,6.04437145473123,32.7660690711319,6.57883229742735e-13,4.9076380151198293e-11,19.9850134105919,Mitochondrial copper and phosphate carrier; imports copper and inorganic phosphate into mitochondria; functionally redundant with Mir1p but less abundant than Mir1p under normal conditions; expression is induced at high temperature [Source:SGD;Acc:S000000855],PIC2,"Enables copper ion transmembrane transporter activity and phosphate transmembrane transporter activity. Involved in copper ion transmembrane transport; intracellular copper ion homeostasis; and phosphate ion transmembrane transport. Located in mitochondrion. Used to study mitochondrial metabolism disease. Orthologous to human SLC25A3 (solute carrier family 25 member 3). [provided by Alliance of Genome Resources, Jul 2025]","Enables copper ion transmembrane transporter activity and phosphate transmembrane transporter activity. Involved in copper ion transmembrane transport; intracellular copper ion homeostasis; and phosphate ion transmembrane transport. Located in mitochondrion. Used to study mitochondrial metabolism disease. Orthologous to human SLC25A3 (solute carrier family 25 member 3). [provided by Alliance of Genome Resources, Jul 2025]",N/A,N/A
HSP26,7.5519853520537,5.23350495634427,32.384254506261,7.53904010397726e-13,5.34620325398091e-11,19.1335443650493,"Small heat shock protein (sHSP) with chaperone activity; forms hollow, sphere-shaped oligomers that suppress unfolded proteins aggregation; long-lived protein that is preferentially retained in mother cells and forms cytoplasmic foci; oligomer activation requires heat-induced conformational change; also has mRNA binding activity [Source:SGD;Acc:S000000276]",HSP26,"Enables mRNA binding activity and unfolded protein binding activity. Involved in cellular response to heat and protein folding. Located in cytoplasmic stress granule and nucleus. [provided by Alliance of Genome Resources, Jul 2025]","Enables mRNA binding activity and unfolded protein binding activity. Involved in cellular response to heat and protein folding. Located in cytoplasmic stress granule and nucleus. [provided by Alliance of Genome Resources, Jul 2025]",N/A,N/A
PIN3,3.33338592565614,7.08044483558935,32.1811432928919,8.11091536448357e-13,5.5463211730468595e-11,20.0182973770197,"Negative regulator of actin nucleation-promoting factor activity; interacts with Las17p, a homolog of human Wiskott-Aldrich Syndrome protein (WASP), via an N-terminal SH3 domain, and along with LSB1 cooperatively inhibits the nucleation of actin filaments; short-lived protein whose levels increase in response to thermal stress; induces the formation of the [PIN+] and [RNQ+] prions when overproduced; PIN3 has a paralog, LSB1, that arose from the whole genome duplication [Source:SGD;Acc:S000006358]",PIN3,"Involved in negative regulation of Arp2/3 complex-mediated actin nucleation. Located in actin cortical patch. Human ortholog(s) of this gene implicated in breast cancer; prostate adenocarcinoma; and prostate cancer. Orthologous to human SH3D19 (SH3 domain containing 19) and GRB2 (growth factor receptor bound protein 2). [provided by Alliance of Genome Resources, Jul 2025]","Involved in negative regulation of Arp2/3 complex-mediated actin nucleation. Located in actin cortical patch. Human ortholog(s) of this gene implicated in breast cancer; prostate adenocarcinoma; and prostate cancer. Orthologous to human SH3D19 (SH3 domain containing 19) and GRB2 (growth factor receptor bound protein 2). [provided by Alliance of Genome Resources, Jul 2025]",N/A,N/A
CYB2,4.0348908713921,5.92208841710812,32.0892355095093,8.384998976389109e-13,5.5683899364447096e-11,19.9674300771669,"Cytochrome b2 (L-lactate cytochrome-c oxidoreductase); component of the mitochondrial intermembrane space, required for lactate utilization; expression is repressed by glucose and anaerobic conditions [Source:SGD;Acc:S000004518]",CYB2,"Enables L-lactate dehydrogenase (cytochrome) activity. Involved in lactate metabolic process. Located in mitochondrial intermembrane space. Orthologous to human HAO1 (hydroxyacid oxidase 1) and HAO2 (hydroxyacid oxidase 2). [provided by Alliance of Genome Resources, Jul 2025]","Enables L-lactate dehydrogenase (cytochrome) activity. Involved in lactate metabolic process. Located in mitochondrial intermembrane space. Orthologous to human HAO1 (hydroxyacid oxidase 1) and HAO2 (hydroxyacid oxidase 2). [provided by Alliance of Genome Resources, Jul 2025]",N/A,N/A
YNL134C,3.64320885291401,6.6254895223012,32.0307034182665,8.56477524527532e-13,5.5683899364447096e-11,19.9703207322841,"NADH-dependent aldehyde reductase, involved in detoxification of furfural; expression is up-regulated in the presence of furfural and 5-hydroxymethylfurfural, which are compounds generated during lignocellulosic biomass pre-treatment; green fluorescent protein (GFP)-fusion protein localizes to both the cytoplasm and nucleus; protein abundance increases in response to DNA replication stress [Source:SGD;Acc:S000005078]",YNL134C,"Enables aldehyde dehydrogenase (NAD+) activity. Involved in response to furfural. Located in cytoplasm and nucleus. [provided by Alliance of Genome Resources, Jul 2025]","Enables aldehyde dehydrogenase (NAD+) activity. Involved in response to furfural. Located in cytoplasm and nucleus. [provided by Alliance of Genome Resources, Jul 2025]",N/A,N/A
GLC3,3.98264146396916,5.84126319021764,31.8630247647981,9.10332677685802e-13,5.6836422832904893e-11,19.8830264719714,"Glycogen branching enzyme, involved in glycogen accumulation; green fluorescent protein (GFP)-fusion protein localizes to the cytoplasm in a punctate pattern; relocalizes from nucleus to cytoplasmic foci upon DNA replication stress; glycogen accumulation defect of the null mutant is functionally complemented by human GBE1, which is associated with glycogen storage disease [Source:SGD;Acc:S000000737]",GLC3,"Enables 1,4-alpha-glucan branching enzyme activity. Involved in glycogen biosynthetic process. Located in cytoplasm. Used to study glycogen storage disease IV. Human ortholog(s) of this gene implicated in glycogen storage disease IV and pulmonary tuberculosis. Orthologous to human GBE1 (1,4-alpha-glucan branching enzyme 1). [provided by Alliance of Genome Resources, Jul 2025]","Enables 1,4-alpha-glucan branching enzyme activity. Involved in glycogen biosynthetic process. Located in cytoplasm. Used to study glycogen storage disease IV. Human ortholog(s) of this gene implicated in glycogen storage disease IV and pulmonary tuberculosis. Orthologous to human GBE1 (1,4-alpha-glucan branching enzyme 1). [provided by Alliance of Genome Resources, Jul 2025]",N/A,N/A
AIM17,4.62678923870267,6.32266235492586,31.7914612896,9.344258716743639e-13,5.7713357063414496e-11,19.8684559269406,"Protein of unknown function; the authentic, non-tagged protein is detected in highly purified mitochondria in high-throughput studies; null mutant displays reduced frequency of mitochondrial genome loss [Source:SGD;Acc:S000001013]",AIM17,"Predicted to enable dioxygenase activity and metal ion binding activity. Involved in mitochondrion organization. Located in mitochondrion. Human ortholog(s) of this gene implicated in autistic disorder. Orthologous to several human genes including BBOX1 (gamma-butyrobetaine hydroxylase 1). [provided by Alliance of Genome Resources, Jul 2025]","Predicted to enable dioxygenase activity and metal ion binding activity. Involved in mitochondrion organization. Located in mitochondrion. Human ortholog(s) of this gene implicated in autistic disorder. Orthologous to several human genes including BBOX1 (gamma-butyrobetaine hydroxylase 1). [provided by Alliance of Genome Resources, Jul 2025]",N/A,N/A
TSL1,7.6221702852795,8.36707970695722,31.3979174705028,1.0798965321287e-12,5.881543460429219e-11,19.7380452668224,"Large subunit of trehalose 6-phosphate synthase/phosphatase complex; Tps1p-Tps2p complex converts uridine-5'-diphosphoglucose and glucose 6-phosphate to trehalose; contributes to survival to acute lethal heat stress; mutant has aneuploidy tolerance; protein abundance increases in response to DNA replication stress; TSL1 has a paralog, TPS3, that arose from the whole genome duplication [Source:SGD;Acc:S000004566]",TSL1,"Enables GTPase activator activity. Involved in actin cytoskeleton organization; mitotic morphogenesis checkpoint signaling; and negative regulation of Rho protein signal transduction. Located in several cellular components, including cellular bud tip; incipient cellular bud site; and mating projection tip. Human ortholog(s) of this gene implicated in Duane retraction syndrome 2. Orthologous to several human genes including ARHGAP12 (Rho GTPase activating protein 12); ARHGAP15 (Rho GTPase activating protein 15); and ARHGAP27 (Rho GTPase activating protein 27). [provided by Alliance of Genome Resources, Jul 2025]","Enables GTPase activator activity. Involved in actin cytoskeleton organization; mitotic morphogenesis checkpoint signaling; and negative regulation of Rho protein signal transduction. Located in several cellular components, including cellular bud tip; incipient cellular bud site; and mating projection tip. Human ortholog(s) of this gene implicated in Duane retraction syndrome 2. Orthologous to several human genes including ARHGAP12 (Rho GTPase activating protein 12); ARHGAP15 (Rho GTPase activating protein 15); and ARHGAP27 (Rho GTPase activating protein 27). [provided by Alliance of Genome Resources, Jul 2025]",N/A,N/A
HSP30,6.08799513138257,5.29449889191844,31.4226315713902,1.0700730348478599e-12,5.881543460429219e-11,19.3636326219357,"Negative regulator of the H(+)-ATPase Pma1p; stress-responsive protein; hydrophobic plasma membrane localized; induced by heat shock, ethanol treatment, weak organic acid, glucose limitation, and entry into stationary phase [Source:SGD;Acc:S000000615]",HSP30,"Involved in negative regulation of ATP-dependent activity. Located in plasma membrane. [provided by Alliance of Genome Resources, Jul 2025]","Involved in negative regulation of ATP-dependent activity. Located in plasma membrane. [provided by Alliance of Genome Resources, Jul 2025]",N/A,N/A
HOR7,5.17861701577259,7.12787942962936,31.4994428832126,1.04015509706526e-12,5.881543460429219e-11,19.7759669804005,"Protein of unknown function; overexpression suppresses Ca2+ sensitivity of mutants lacking inositol phosphorylceramide mannosyltransferases Csg1p and Csh1p; transcription is induced under hyperosmotic stress and repressed by alpha factor; HOR7 has a paralog, DDR2, that arose from the whole genome duplication [Source:SGD;Acc:S000004864]",HOR7,"Involved in plasma membrane organization. Located in plasma membrane. [provided by Alliance of Genome Resources, Jul 2025]","Involved in plasma membrane organization. Located in plasma membrane. [provided by Alliance of Genome Resources, Jul 2025]",N/A,N/A
GSC2,3.49250189440361,7.65677034143589,31.4340573942372,1.0655642241074099e-12,5.881543460429219e-11,19.7323111166186,"Catalytic subunit of 1,3-beta-glucan synthase; involved in formation of the inner layer of the spore wall; activity positively regulated by Rho1p and negatively by Smk1p; GSC2 has a paralog, FKS1, that arose from the whole genome duplication [Source:SGD;Acc:S000003264]",GSC2,"Enables 1,3-beta-D-glucan synthase activity. Involved in (1->3)-beta-D-glucan biosynthetic process and ascospore wall assembly. Located in prospore membrane. Part of 1,3-beta-D-glucan synthase complex. [provided by Alliance of Genome Resources, Jul 2025]","Enables 1,3-beta-D-glucan synthase activity. Involved in (1->3)-beta-D-glucan biosynthetic process and ascospore wall assembly. Located in prospore membrane. Part of 1,3-beta-D-glucan synthase complex. [provided by Alliance of Genome Resources, Jul 2025]",N/A,N/A
CPR6,2.71282986020309,8.72801262465128,31.472441576847,1.05056741380521e-12,5.881543460429219e-11,19.7223632496866,Peptidyl-prolyl cis-trans isomerase (cyclophilin); catalyzes the cis-trans isomerization of peptide bonds N-terminal to proline residues; plays a role in determining prion variants; binds to Hsp82p and contributes to chaperone activity; protein abundance increases in response to DNA replication stress [Source:SGD;Acc:S000004206],CPR6,"Enables peptidyl-prolyl cis-trans isomerase activity; ribosome binding activity; and unfolded protein binding activity. Involved in protein refolding. Located in cytoplasm. Orthologous to human PPID (peptidylprolyl isomerase D). [provided by Alliance of Genome Resources, Jul 2025]","Enables peptidyl-prolyl cis-trans isomerase activity; ribosome binding activity; and unfolded protein binding activity. Involved in protein refolding. Located in cytoplasm. Orthologous to human PPID (peptidylprolyl isomerase D). [provided by Alliance of Genome Resources, Jul 2025]",N/A,N/A
SSA3,3.40033448698613,6.13771572778445,31.3482068889558,1.0999532017231899e-12,5.904795505325229e-11,19.7199590970693,"ATPase involved in protein folding and the response to stress; plays a role in SRP-dependent cotranslational protein-membrane targeting and translocation; member of the heat shock protein 70 (HSP70) family; localized to the cytoplasm; SSA3 has a paralog, SSA4, that arose from the whole genome duplication [Source:SGD;Acc:S000000171]",SSA3,"Enables ATP hydrolysis activity and unfolded protein binding activity. Involved in SRP-dependent cotranslational protein targeting to membrane, translocation; protein folding; and protein quality control for misfolded or incompletely synthesized proteins. Located in cytosol. Human ortholog(s) of this gene implicated in several diseases, including Kawasaki disease; artery disease (multiple); autoimmune disease of musculoskeletal system (multiple); neurodegenerative disease (multiple); and schizophrenia (multiple). Orthologous to several human genes including HSPA1L (heat shock protein family A (Hsp70) member 1 like); HSPA1A (heat shock protein family A (Hsp70) member 1A); and HSPA1B (heat shock protein family A (Hsp70) member 1B). [provided by Alliance of Genome Resources, Jul 2025]","Enables ATP hydrolysis activity and unfolded protein binding activity. Involved in SRP-dependent cotranslational protein targeting to membrane, translocation; protein folding; and protein quality control for misfolded or incompletely synthesized proteins. Located in cytosol. Human ortholog(s) of this gene implicated in several diseases, including Kawasaki disease; artery disease (multiple); autoimmune disease of musculoskeletal system (multiple); neurodegenerative disease (multiple); and schizophrenia (multiple). Orthologous to several human genes including HSPA1L (heat shock protein family A (Hsp70) member 1 like); HSPA1A (heat shock protein family A (Hsp70) member 1A); and HSPA1B (heat shock protein family A (Hsp70) member 1B). [provided by Alliance of Genome Resources, Jul 2025]",N/A,N/A
ARG4,3.52273875252724,6.08026518527062,31.0235987570334,1.2412772312936699e-12,6.36597894334896e-11,19.5985889014188,Argininosuccinate lyase; catalyzes the final step in the arginine biosynthesis pathway [Source:SGD;Acc:S000001060],ARG4,"Enables argininosuccinate lyase activity. Involved in L-arginine biosynthetic process via ornithine. Located in cytosol. Human ortholog(s) of this gene implicated in amino acid metabolic disorder and argininosuccinic aciduria. Orthologous to human ASL (argininosuccinate lyase). [provided by Alliance of Genome Resources, Jul 2025]","Enables argininosuccinate lyase activity. Involved in L-arginine biosynthetic process via ornithine. Located in cytosol. Human ortholog(s) of this gene implicated in amino acid metabolic disorder and argininosuccinic aciduria. Orthologous to human ASL (argininosuccinate lyase). [provided by Alliance of Genome Resources, Jul 2025]",N/A,N/A
PRB1,2.71374324793327,7.79972891509219,30.9108375058547,1.2948812310226699e-12,6.58212193893295e-11,19.5181930530531,"Vacuolar proteinase B (yscB) with H3 N-terminal endopeptidase activity; serine protease of the subtilisin family; involved in protein degradation in the vacuole and required for full protein degradation during sporulation; activity inhibited by Pbi2p; protein abundance increases in response to DNA replication stress; PRB1 has a paralog, YSP3, that arose from the whole genome duplication [Source:SGD;Acc:S000000786]",PRB1,"Enables serine-type endopeptidase activity. Involved in pexophagy; protein catabolic process in the vacuole; and sporulation resulting in formation of a cellular spore. Predicted to be located in fungal-type vacuole lumen. Human ortholog(s) of this gene implicated in familial hypercholesterolemia and hypobetalipoproteinemia. Orthologous to human PCSK9 (proprotein convertase subtilisin/kexin type 9). [provided by Alliance of Genome Resources, Jul 2025]","Enables serine-type endopeptidase activity. Involved in pexophagy; protein catabolic process in the vacuole; and sporulation resulting in formation of a cellular spore. Predicted to be located in fungal-type vacuole lumen. Human ortholog(s) of this gene implicated in familial hypercholesterolemia and hypobetalipoproteinemia. Orthologous to human PCSK9 (proprotein convertase subtilisin/kexin type 9). [provided by Alliance of Genome Resources, Jul 2025]",N/A,N/A
MPD1,3.17013032904944,6.87752041552436,30.797319282979,1.35138967217281e-12,6.80910726049179e-11,19.5031672710448,Member of the protein disulfide isomerase (PDI) family; interacts with and inhibits the chaperone activity of Cne1p; MPD1 overexpression in a pdi1 null mutant suppresses defects in Pdi1p functions such as carboxypeptidase Y maturation [Source:SGD;Acc:S000005814],MPD1,"Enables protein disulfide isomerase activity and protein-disulfide reductase (glutathione) activity. Involved in protein folding. Located in endoplasmic reticulum and fungal-type vacuole. Orthologous to human PDIA6 (protein disulfide isomerase family A member 6). [provided by Alliance of Genome Resources, Jul 2025]","Enables protein disulfide isomerase activity and protein-disulfide reductase (glutathione) activity. Involved in protein folding. Located in endoplasmic reticulum and fungal-type vacuole. Orthologous to human PDIA6 (protein disulfide isomerase family A member 6). [provided by Alliance of Genome Resources, Jul 2025]",N/A,N/A
COQ6,3.08781497206927,6.55340260613314,30.7169890823483,1.3929907527652999e-12,6.852336314629e-11,19.479056407956,Flavin-dependent monooxygenase involved in ubiquinone biosynthesis; responsible for hydroxylation at position C5 and deamination at C4 during ubiquinone (Coenzyme Q) biosynthesis; localizes to matrix face of mitochondrial inner membrane in a large complex with other ubiquinone biosynthetic enzymes; human homolog COQ6 can complement yeast null mutant and is implicated in steroid-resistant nephrotic syndrome (SRNS) [Source:SGD;Acc:S000003487],COQ6,"Enables oxidoreductase activity, acting on paired donors, with incorporation or reduction of molecular oxygen, reduced flavin or flavoprotein as one donor, and incorporation of one atom of oxygen. Involved in ubiquinone biosynthetic process. Located in mitochondrial inner membrane. Used to study nephrotic syndrome; primary coenzyme Q10 deficiency 6; and schwannomatosis. Human ortholog(s) of this gene implicated in nephrotic syndrome and primary coenzyme Q10 deficiency 6. Orthologous to human COQ6 (coenzyme Q6, monooxygenase). [provided by Alliance of Genome Resources, Jul 2025]","Enables oxidoreductase activity, acting on paired donors, with incorporation or reduction of molecular oxygen, reduced flavin or flavoprotein as one donor, and incorporation of one atom of oxygen. Involved in ubiquinone biosynthetic process. Located in mitochondrial inner membrane. Used to study nephrotic syndrome; primary coenzyme Q10 deficiency 6; and schwannomatosis. Human ortholog(s) of this gene implicated in nephrotic syndrome and primary coenzyme Q10 deficiency 6. Orthologous to human COQ6 (coenzyme Q6, monooxygenase). [provided by Alliance of Genome Resources, Jul 2025]",N/A,N/A
PFK26,4.26133722924242,5.35340178131616,30.1504700236476,1.72893240211937e-12,7.61211556525907e-11,19.2049270800292,"6-phosphofructo-2-kinase; inhibited by phosphoenolpyruvate and sn-glycerol 3-phosphate; has negligible fructose-2,6-bisphosphatase activity; transcriptional regulation involves protein kinase A [Source:SGD;Acc:S000001369]",PFK26,"Enables 6-phosphofructo-2-kinase activity. Involved in fructose 2,6-bisphosphate metabolic process. Predicted to be located in cytoplasm. Predicted to be active in cytosol. [provided by Alliance of Genome Resources, Jul 2025]","Enables 6-phosphofructo-2-kinase activity. Involved in fructose 2,6-bisphosphate metabolic process. Predicted to be located in cytoplasm. Predicted to be active in cytosol. [provided by Alliance of Genome Resources, Jul 2025]",N/A,N/A
